Ref,Value,Package,MPN,Qty,Notes
U1,nRF52840-QFAA,QFN-48,nRF52840-QIAA-R,1,BLE. VDD 1.7-3.6 V direct LiPo
U2,BMI323,LGA-14,BMI323,1,IMU I2C
U3,MCP73831T-2ACI/OT,SOT-23-5,MCP73831T-2ACI/OT,1,Chargeur LiPo 4.2 V
U4,DW01A,SOT-23-6,DW01A,1,Protection LiPo
Q1,FS8205A,SOT-23-6,FS8205A,1,MOSFET dual protection
J1,USB-C 16 pin,SMD,TYPE-C-31-M-12,1,Charge seulement
J2,JST 1.25 mm 2 pin,SMD,JST-SH-2,1,LiPo
J3,SWD pads,1.27 mm,PAD,1,SWDIO SWCLK GND VDD
SW1,Tactile,3x4 mm,TS-1187A,1,Appairage
LED1,Verte,0402,LTST-C190KGKT,1,BLE
LED2,Rouge,0402,LTST-C190KRKT,1,Charge
R1,1k,0402,,1,LED1
R2,1k,0402,,1,LED2
R3,10k,0402,,1,SW1 pull-up
R4,10k NTC,0402,NCP15XH103F03RC,1,THERM MCP73831
C1,100n,0402,,4,Decouple VDD
C2,1u,0402,,2,VDD bulk
C3,4.7u,0402,,1,VBAT
C4,12p,0402,,1,Antenne match a ajuster
L1,3.9nH,0402,,1,Antenne match a ajuster
AE1,2450AT18A100E,3.2x1.6,2450AT18A100E,1,Antenne chip. Garde de cuivre
Y1,32MHz,2016,NX2016SA,1,nRF HFXO
Y2,32.768kHz,2012,,1,nRF LFXO
BT1,LiPo 3.7V 50mAh,4x20x2.5,,1,Hors PCB
